"","Point.Forecast","Lo.80","Hi.80","Lo.95","Hi.95"
"May 2019",3.60625698719239,3.35711521387069,3.85539876051409,3.22522752580863,3.98728644857615
"Jun 2019",3.65585536932663,3.25752861876792,4.05418211988534,3.04666717420147,4.26504356445179
"Jul 2019",3.55260930843196,3.04737987856408,4.05783873829984,2.77992757396742,4.3252910428965
"Aug 2019",3.49206561122114,2.89889670362918,4.08523451881309,2.58489205154065,4.39923917090162
"Sep 2019",3.48543894790591,2.81578087953345,4.15509701627838,2.46128531159949,4.50959258421233
"Oct 2019",3.45270527385697,2.71444075246224,4.19096979525171,2.323627122107,4.58178342560694
"Nov 2019",3.46013821016021,2.65912193197763,4.26115448834278,2.2350895281737,4.68518689214672
"Dec 2019",3.51552301531423,2.65632591831247,4.37472011231599,2.20149444945688,4.82955158117158
