"","Point.Forecast","Lo.80","Hi.80","Lo.95","Hi.95"
"Apr 2019",311.57243482383,291.336442313262,331.808427334398,280.624154958648,342.520714689011
"May 2019",318.067038444086,285.672881407748,350.461195480425,268.524450531303,367.609626356869
"Jun 2019",326.588489551953,285.487790972531,367.689188131376,263.730395409739,389.446583694167
"Jul 2019",324.026594477175,275.765290795038,372.287898159312,250.217299863468,397.835889090883
"Aug 2019",317.529705932495,263.040813141479,372.018598723511,234.196135673485,400.863276191505
"Sep 2019",314.427518668266,254.353186074908,374.501851261625,222.551755379547,406.303281956986
"Oct 2019",312.348260931635,247.165353438287,377.531168424984,212.659606546295,412.036915316976
"Nov 2019",316.116318209423,246.197097567424,386.035538851422,209.184097946251,423.048538472594
"Dec 2019",316.595233237494,242.240788900016,390.949677574973,202.879923678322,430.310542796666
